product_category,product,brand,model,review_text
Smartphone,Vivo Vivo Z1x,Vivo,Vivo Z1x,"The camera quality is very good, i like it, but it heats too fast"
Smartphone,Vivo Z1x,Vivo,Z1x,"The camera quality is good,but the bettery heats too fast"
Laptop,Lenovo Yoga Slim 7,Lenovo,Yoga Slim 7,Battery capacity is 65WH and battery life is excellent. 
Laptop,Lenovo IdeaPad 5,Lenovo,IdeaPad 5,"The performance is smooth for daily use and multitasking.
"
Laptop,Lenovo IdeaPad 5,Lenovo,IdeaPad 5,Battery life is good and lasts a full working day.
Laptop,Lenovo IdeaPad 5,Lenovo,IdeaPad 5,The display is clear but brightness could be better.
Laptop,Lenovo IdeaPad 5,Lenovo,IdeaPad 5,"The keyboard is very comfortable for typing.
"
Laptop,Lenovo IdeaPad 5,Lenovo,IdeaPad 5,The build quality feels strong and durable for long-term use
Laptop,Lenovo IdeaPad 5,Lenovo,IdeaPad 5,The laptop heats up slightly under heavy workload
Laptop,Lenovo IdeaPad 5,Lenovo,IdeaPad 5,Audio quality is decent but not very loud
Laptop,Lenovo IdeaPad 5,Lenovo,IdeaPad 5,The design is simple and professional looking
Laptop,Lenovo IdeaPad 5,Lenovo,IdeaPad 5,Boot time is fast due to SSD
Laptop,Lenovo IdeaPad 5,Lenovo,IdeaPad 5,The touchpad is responsive and smooth
Laptop,Lenovo IdeaPad 5,Lenovo,IdeaPad 5,Gaming performance is average
Laptop,Lenovo IdeaPad 5,Lenovo,IdeaPad 5,The laptop is lightweight and portable
Laptop,Lenovo IdeaPad 5,Lenovo,IdeaPad 5,Battery drains faster during gaming
Laptop,Lenovo IdeaPad 5,Lenovo,IdeaPad 5,Multitasking works without lag
Laptop,Lenovo IdeaPad 5,Lenovo,IdeaPad 5,Webcam quality is average
Laptop,Lenovo IdeaPad 5,Lenovo,IdeaPad 5,The screen colors are natural
Laptop,Lenovo IdeaPad 5,Lenovo,IdeaPad 5,Fan noise is noticeable under load
Laptop,Lenovo IdeaPad 5,Lenovo,IdeaPad 5,Good for students and office work
Laptop,Lenovo IdeaPad 5,Lenovo,IdeaPad 5,Value for money is excellent
Laptop,Lenovo IdeaPad 5,Lenovo,IdeaPad 5,"Overall, a reliable laptop for everyday usage"
Laptop,Lenovo IdeaPad 5,Lenovo,IdeaPad 5,The camera quality is great but battery drains too fast and keyboard is uncomfortable to use
Smartphone,Realme 5,Realme,5,The camera quality is great but the battery drains too fast
Laptop,HP Pavilion 15,HP,Pavilion 15,"The display quality is sharp and vibrant.
"
Laptop,HP Pavilion 15,HP,Pavilion 15," Keyboard typing experience is smooth.
"
Laptop,HP Pavilion 15,HP,Pavilion 15,The laptop performs well for daily activities.
Laptop,HP Pavilion 15,HP,Pavilion 15,The laptop performs well for daily activities.
Laptop,HP Pavilion 15,HP,Pavilion 15,It is too speed to use
Tablet,Apple Ipad5,Apple,Ipad5,The case was damaged
Laptop,HP Pavilion 15,HP,Pavilion 15,the GUI was good
Laptop,Lenovo IdeaPad 5,Lenovo,IdeaPad 5,It heats up quickly
Laptop,HP Pavilion 15,HP,Pavilion 15,The design looks premium and stylish.
Laptop,HP Pavilion 15,HP,Pavilion 15,Heating issues appear during heavy tasks.
Laptop,HP Pavilion 15,HP,Pavilion 15,Sound quality is average.
Laptop,HP Pavilion 15,HP,Pavilion 15,Boot speed is fast with SSD.
Laptop,HP Pavilion 15,HP,Pavilion 15,Multitasking is smooth without lag.
Laptop,HP Pavilion 15,HP,Pavilion 15,build quality is solid.
Laptop,HP Pavilion 15,HP,Pavilion 15,The laptop is easy to carry.
Laptop,HP Pavilion 15,HP,Pavilion 15, Webcam quality is not very good.
Laptop,HP Pavilion 15,HP,Pavilion 15, Battery drains quickly under load.
Laptop,HP Pavilion 15,HP,Pavilion 15,Performance is reliable for coding tasks.
Laptop,HP Pavilion 15,HP,Pavilion 15,Display brightness is decent.
Laptop,HP Pavilion 15,HP,Pavilion 15,Fan noise increases during gaming.
Laptop,HP Pavilion 15,HP,Pavilion 15,Good for office and student use.
Laptop,HP Pavilion 15,HP,Pavilion 15,The touchpad works accurately.
Laptop,HP Pavilion 15,HP,Pavilion 15,"Worth the price
"
Laptop,HP Pavilion 15,HP,Pavilion 15,"Overall, a balanced laptop for everyday work."
Laptop,Dell Inspiron 14,Dell,Inspiron 14,The laptop runs smoothly for daily use.
Laptop,Dell Inspiron 14,Dell,Inspiron 14,Battery life is impressive and long-lasting.
Laptop,Dell Inspiron 14,Dell,Inspiron 14,Display quality is good with decent brightness.
Laptop,Dell Inspiron 14,Dell,Inspiron 14,Keyboard is comfortable for typing.
Laptop,Dell Inspiron 14,Dell,Inspiron 14,Build quality is strong and reliable.
Laptop,Dell Inspiron 14,Dell,Inspiron 14,The laptop heats up during heavy usage.
Laptop,Dell Inspiron 14,Dell,Inspiron 14,Audio quality is clear but not loud.
Laptop,Dell Inspiron 14,Dell,Inspiron 14,"Overall, a dependable laptop."
Laptop,Dell Inspiron 14,Dell,Inspiron 14,Value for money is good.
Laptop,Dell Inspiron 14,Dell,Inspiron 14,Touchpad is smooth and responsive.
Laptop,Dell Inspiron 14,Dell,Inspiron 14,"Good for students and professionals.
"
Laptop,Dell Inspiron 14,Dell,Inspiron 14,"Battery drains faster in gaming.
"
Laptop,Dell Inspiron 14,Dell,Inspiron 14,"Display colors are accurate.
"
Laptop,Dell Inspiron 14,Dell,Inspiron 14,"The laptop is lightweight.
"
Laptop,Dell Inspiron 14,Dell,Inspiron 14,"Fan noise is noticeable.
"
Laptop,Dell Inspiron 14,Dell,Inspiron 14,"Webcam quality is decent.
"
Laptop,Dell Inspiron 14,Dell,Inspiron 14,"Gaming performance is average.
"
Laptop,Dell Inspiron 14,Dell,Inspiron 14,"The design is clean and simple.
"
Laptop,Dell Inspiron 14,Dell,Inspiron 14,"Boot time is quick.
"
Laptop,Dell Inspiron 14,Dell,Inspiron 14,Performance is stable for multitasking.
Laptop,Asus VivoBook 15,Asus,VivoBook 15,"Overall, a stylish and good laptop."
Laptop,Asus VivoBook 15,Asus,VivoBook 15,Value for money is decent.
Laptop,Asus VivoBook 15,Asus,VivoBook 15,Performance is stable.
Laptop,Asus VivoBook 15,Asus,VivoBook 15,Touchpad is responsive.
Laptop,Asus VivoBook 15,Asus,VivoBook 15,Suitable for students.
Laptop,Asus VivoBook 15,Asus,VivoBook 15,Fan noise increases sometimes.
Laptop,Asus VivoBook 15,Asus,VivoBook 15,Display brightness is good.
Laptop,Asus VivoBook 15,Asus,VivoBook 15,Display brightness is good.
Laptop,Asus VivoBook 15,Asus,VivoBook 15,Battery drains quickly under load.
Laptop,Asus VivoBook 15,Asus,VivoBook 15,Webcam quality is average.
Laptop,Asus VivoBook 15,Asus,VivoBook 15,Lightweight and portable.
Laptop,Asus VivoBook 15,Asus,VivoBook 15,Build quality is good.
Laptop,Asus VivoBook 15,Asus,VivoBook 15,Multitasking is smooth.
Laptop,Asus VivoBook 15,Asus,VivoBook 15,Boot time is quick.
Laptop,Asus VivoBook 15,Asus,VivoBook 15,Sound quality is average.
Laptop,Asus VivoBook 15,Asus,VivoBook 15,Heating issue during gaming.
Laptop,Asus VivoBook 15,Asus,VivoBook 15,Design is modern and attractive. 
Laptop,Asus VivoBook 15,Asus,VivoBook 15,Keyboard is comfortable.
Laptop,Asus VivoBook 15,Asus,VivoBook 15,Display is vibrant and clear.
Laptop,Asus VivoBook 15,Asus,VivoBook 15,Battery backup is decent.
Laptop,Asus VivoBook 15,Asus,VivoBook 15,Performance is fast for daily usage.
Laptop,Acer Aspire 7,Acer,Aspire 7,Performance is strong for multitasking.
Laptop,Acer Aspire 7,Acer,Aspire 7,"Battery life is average, Display quality is good."
Laptop,Acer Aspire 7,Acer,Aspire 7,Keyboard feels comfortable.
Laptop,Acer Aspire 7,Acer,Aspire 7,Build quality is solid.
Laptop,Acer Aspire 7,Acer,Aspire 7,Heating during heavy tasks.
Laptop,Acer Aspire 7,Acer,Aspire 7,Sound quality is decent.
Laptop,Acer Aspire 7,Acer,Aspire 7,Boot speed is fast.
Laptop,Acer Aspire 7,Acer,Aspire 7,Gaming performance is good.
Laptop,Acer Aspire 7,Acer,Aspire 7,Design is simple.
Laptop,Acer Aspire 7,Acer,Aspire 7,Webcam quality is average.
Laptop,Acer Aspire 7,Acer,Aspire 7,Fan noise is noticeable.
Laptop,Acer Aspire 7,Acer,Aspire 7,Lightweight design.
Laptop,Acer Aspire 7,Acer,Aspire 7,Display brightness is decent.
Laptop,Acer Aspire 7,Acer,Aspire 7,Battery drains faster while gaming.
Laptop,Acer Aspire 7,Acer,Aspire 7,Good for coding and editing.
Laptop,Acer Aspire 7,Acer,Aspire 7,Touchpad works well.
Laptop,Acer Aspire 7,Acer,Aspire 7,Durable build.
Laptop,Acer Aspire 7,Acer,Aspire 7,Worth the price a powerful laptop.
Laptop,Apple MacBook Air M1,Apple,MacBook Air M1,Performance is extremely smooth and fast.
Laptop,Apple MacBook Air M1,Apple,MacBook Air M1,Battery life is excellent and long-lasting.
Laptop,Apple MacBook Air M1,Apple,MacBook Air M1,"
Display quality is stunning and sharp."
Laptop,Apple MacBook Air M1,Apple,MacBook Air M1,Keyboard is very comfortable.
Laptop,Apple MacBook Air M1,Apple,MacBook Air M1,Build quality is premium.
Laptop,Apple MacBook Air M1,Apple,MacBook Air M1,No heating issues in normal usage.
Laptop,Apple MacBook Air M1,Apple,MacBook Air M1,Sound quality is excellent.
Laptop,Apple MacBook Air M1,Apple,MacBook Air M1,Boot time is very fast.
Laptop,Apple MacBook Air M1,Apple,MacBook Air M1,Multitasking is seamless.
Laptop,Apple MacBook Air M1,Apple,MacBook Air M1,Design is sleek and elegant.
Laptop,Apple MacBook Air M1,Apple,MacBook Air M1,Lightweight and portable.
Laptop,Apple MacBook Air M1,Apple,MacBook Air M1,No fan noise.
Laptop,Apple MacBook Air M1,Apple,MacBook Air M1,Perfect for developers.
Laptop,Apple MacBook Air M1,Apple,MacBook Air M1,Display brightness is excellent.
Laptop,Apple MacBook Air M1,Apple,MacBook Air M1,Expensive compared to others.
Laptop,Apple MacBook Air M1,Apple,MacBook Air M1,Limited ports available.
Laptop,Apple MacBook Air M1,Apple,MacBook Air M1,"
Great for productivity."
Laptop,Apple MacBook Air M1,Apple,MacBook Air M1,"
Smooth user experience."
Laptop,Apple MacBook Air M1,Apple,MacBook Air M1,"
Long battery backup."
Laptop,Apple MacBook Air M1,Apple,MacBook Air M1,"
Overall, one of the best laptops."
Laptop,Samsung Galaxy Book 2,Samsung,Galaxy Book 2,Performance is smooth for daily tasks.
Laptop,Samsung Galaxy Book 2,Samsung,Galaxy Book 2,Battery backup is decent.
Laptop,Samsung Galaxy Book 2,Samsung,Galaxy Book 2,"
Display is bright and colorful."
Laptop,Samsung Galaxy Book 2,Samsung,Galaxy Book 2,"
Keyboard is comfortable."
Laptop,Samsung Galaxy Book 2,Samsung,Galaxy Book 2,"
Build quality is good."
Laptop,Samsung Galaxy Book 2,Samsung,Galaxy Book 2,"
Heating issue under load."
Laptop,Samsung Galaxy Book 2,Samsung,Galaxy Book 2,"
Sound quality is average."
Laptop,Samsung Galaxy Book 2,Samsung,Galaxy Book 2,"
Boot speed is fast."
Laptop,Samsung Galaxy Book 2,Samsung,Galaxy Book 2,"
Multitasking is smooth."
Laptop,Samsung Galaxy Book 2,Samsung,Galaxy Book 2,"
Design is stylish."
Laptop,Samsung Galaxy Book 2,Samsung,Galaxy Book 2,"
Lightweight device."
Laptop,Samsung Galaxy Book 2,Samsung,Galaxy Book 2,"
Webcam quality is decent."
Laptop,Samsung Galaxy Book 2,Samsung,Galaxy Book 2,"
 Fan noise is noticeable."
Laptop,Samsung Galaxy Book 2,Samsung,Galaxy Book 2,"
Display brightness is good."
Laptop,Samsung Galaxy Book 2,Samsung,Galaxy Book 2,"
Battery drains during gaming."
Laptop,Samsung Galaxy Book 2,Samsung,Galaxy Book 2,"
Good for office use."
Laptop,Samsung Galaxy Book 2,Samsung,Galaxy Book 2,"
Touchpad is smooth."
Laptop,Samsung Galaxy Book 2,Samsung,Galaxy Book 2,"
Performance is stable."
Laptop,Samsung Galaxy Book 2,Samsung,Galaxy Book 2,"
Value for money is okay."
Laptop,Samsung Galaxy Book 2,Samsung,Galaxy Book 2,"
decent laptop."
Laptop,Microsoft Surface Laptop 4,Microsoft,Surface Laptop 4,Performance is smooth and efficient.
Laptop,Microsoft Surface Laptop 4,Microsoft,Surface Laptop 4,"
Battery life is very good."
Laptop,Microsoft Surface Laptop 4,Microsoft,Surface Laptop 4,"
Display quality is excellent."
Laptop,Microsoft Surface Laptop 4,Microsoft,Surface Laptop 4,"
Keyboard is very comfortable."
Laptop,Microsoft Surface Laptop 4,Microsoft,Surface Laptop 4,"
Build quality is premium."
Laptop,Microsoft Surface Laptop 4,Microsoft,Surface Laptop 4,"
Heating is minimal."
Laptop,Microsoft Surface Laptop 4,Microsoft,Surface Laptop 4,"
Sound quality is good."
Laptop,Microsoft Surface Laptop 4,Microsoft,Surface Laptop 4,"
Boot time is fast."
Laptop,Microsoft Surface Laptop 4,Microsoft,Surface Laptop 4,"
Multitasking is smooth."
Laptop,Microsoft Surface Laptop 4,Microsoft,Surface Laptop 4,"
Design is elegant."
Laptop,Microsoft Surface Laptop 4,Microsoft,Surface Laptop 4,"
Lightweight and portable."
Laptop,Microsoft Surface Laptop 4,Microsoft,Surface Laptop 4,"
Webcam quality is good."
Laptop,Microsoft Surface Laptop 4,Microsoft,Surface Laptop 4,"
Fan noise is low."
Laptop,Microsoft Surface Laptop 4,Microsoft,Surface Laptop 4,"
Display brightness is high."
Laptop,Microsoft Surface Laptop 4,Microsoft,Surface Laptop 4,"
Expensive device."
Laptop,Microsoft Surface Laptop 4,Microsoft,Surface Laptop 4,"
 Limited ports available."
Laptop,Microsoft Surface Laptop 4,Microsoft,Surface Laptop 4,"
Great for productivity tasks."
Laptop,Microsoft Surface Laptop 4,Microsoft,Surface Laptop 4,"
Smooth experience.
"
Laptop,Microsoft Surface Laptop 4,Microsoft,Surface Laptop 4,"
Long battery backup."
Laptop,Microsoft Surface Laptop 4,Microsoft,Surface Laptop 4,"
 Overall, a premium laptop."
Smartphone,Vivo Z1x,Vivo,Z1x,"The Vivo Z1x offers a vibrant display and smooth performance for daily tasks. The battery life is quite reliable and lasts a full day with moderate usage, but the camera struggles a bit in low-light conditions."
Smartphone,Vivo Z1x,Vivo,Z1x,"
I’ve been using the Vivo Z1x for a few months now and it performs well for gaming and streaming. The AMOLED screen is a highlight, though the software UI could be cleaner."
Smartphone,Vivo Z1x,Vivo,Z1x,"The design of the phone feels premium and comfortable to hold. Performance is decent, but sometimes I notice minor lag when multitasking heavily."
Smartphone,Vivo Z1x,Vivo,Z1x,"Camera quality is good in daylight and captures sharp images. However, night photography needs improvement as images appear grainy."
Smartphone,Vivo Z1x,Vivo,Z1x,Battery backup is impressive and fast charging works efficiently. It charges quickly and easily lasts through a busy day.
Smartphone,Vivo Z1x,Vivo,Z1x,The fingerprint sensor is fast and accurate most of the time. Occasionally it misses but overall it’s reliable.
Smartphone,Vivo Z1x,Vivo,Z1x,"Gaming experience is smooth for most games, but high-end games show slight heating issues after long usage.
"
Smartphone,Vivo Z1x,Vivo,Z1x,"The UI has a lot of pre-installed apps which can be annoying. Performance is still stable overall.
"
Smartphone,Vivo Z1x,Vivo,Z1x,"Audio quality is decent for media consumption, but not very loud. Earphones provide a better experience.
"
Smartphone,Vivo Z1x,Vivo,Z1x,"Build quality feels solid and durable. The back finish looks stylish and premium.
"
Smartphone,Vivo Z1x,Vivo,Z1x,"Face unlock works quickly in good lighting conditions. In low light, it becomes less reliable.
"
Smartphone,Vivo Z1x,Vivo,Z1x,"Storage capacity is sufficient for regular use and apps run smoothly without crashes.
"
Smartphone,Vivo Z1x,Vivo,Z1x,"Display brightness is excellent even outdoors. Colors look sharp and vibrant.
"
Smartphone,Vivo Z1x,Vivo,Z1x,"The phone occasionally heats up during long gaming sessions but cools down quickly.
"
Smartphone,Vivo Z1x,Vivo,Z1x,"Overall performance is balanced and suitable for daily use.
"
Smartphone,Vivo Z1x,Vivo,Z1x,"Camera portrait mode works well and provides good edge detection.
"
Smartphone,Vivo Z1x,Vivo,Z1x,"Charging speed is one of the best features of this device.
"
Smartphone,Vivo Z1x,Vivo,Z1x,"Software updates are not very frequent which is a downside.
"
Smartphone,Vivo Z1x,Vivo,Z1x,"The device handles multitasking well but heavy apps slow it slightly.
Overall, the Vivo Z1x is a good mid-range phone with strong battery and display.
"
Smartphone,Samsung Galaxy M31,Samsung,Galaxy M31,The Samsung Galaxy M31 has an excellent battery that easily lasts two days. The display quality is also top-notch with vibrant colors.
Smartphone,Samsung Galaxy M31,Samsung,Galaxy M31,"
Camera performance is impressive, especially in daylight. Night mode is decent but can improve."
Smartphone,Samsung Galaxy M31,Samsung,Galaxy M31,"
The phone is slightly bulky due to the large battery, but it feels sturdy."
Smartphone,Samsung Galaxy M31,Samsung,Galaxy M31,"
Performance is smooth for daily tasks, but heavy gaming causes minor lag."
Smartphone,Samsung Galaxy M31,Samsung,Galaxy M31,"
One UI is clean and user-friendly compared to other brands."
Smartphone,Samsung Galaxy M31,Samsung,Galaxy M31,"
The AMOLED screen is one of the best in this price range."
Smartphone,Samsung Galaxy M31,Samsung,Galaxy M31,"
 Charging speed is average but acceptable considering the battery size."
Smartphone,Samsung Galaxy M31,Samsung,Galaxy M31,"
the phone rarely heats up, which is a big advantage."
Smartphone,Samsung Galaxy M31,Samsung,Galaxy M31,"
Speaker quality is good but not very loud."
Smartphone,Samsung Galaxy M31,Samsung,Galaxy M31,"
Fingerprint sensor is slightly slow but accurate."
Smartphone,Samsung Galaxy M31,Samsung,Galaxy M31,"
 Storage is sufficient and expandable via SD card."
Smartphone,Samsung Galaxy M31,Samsung,Galaxy M31,"
The device handles multitasking efficiently."
Smartphone,Samsung Galaxy M31,Samsung,Galaxy M31,"
 Camera colors look natural and detailed."
Smartphone,Samsung Galaxy M31,Samsung,Galaxy M31,"
Video recording quality is stable and clear."
Smartphone,Samsung Galaxy M31,Samsung,Galaxy M31,"
The design is simple but elegant."
Smartphone,Samsung Galaxy M31,Samsung,Galaxy M31,"
Software updates are regular and improve performance."
Smartphone,Samsung Galaxy M31,Samsung,Galaxy M31,"
Gaming is decent but not meant for heavy gamers."
Smartphone,Samsung Galaxy M31,Samsung,Galaxy M31,"
Build quality feels durable."
Smartphone,Samsung Galaxy M31,Samsung,Galaxy M31,"
The UI experience is smooth without major bugs."
Smartphone,Samsung Galaxy M31,Samsung,Galaxy M31,"
Overall, it’s a great phone mainly for battery and display."
Smartphone,OnePlus Nord CE 2,OnePlus,Nord CE 2,"The OnePlus Nord CE 2 delivers smooth performance with a clean UI. OxygenOS is fast and responsive.
"
Smartphone,OnePlus Nord CE 2,OnePlus,Nord CE 2,Charging speed is extremely fast and very convenient.
Smartphone,OnePlus Nord CE 2,OnePlus,Nord CE 2,"
Camera performance is decent but not the best in this range."
Smartphone,OnePlus Nord CE 2,OnePlus,Nord CE 2,"
The design looks sleek and premium."
Smartphone,OnePlus Nord CE 2,OnePlus,Nord CE 2,"
Gaming performance is smooth with minimal heating."
Smartphone,OnePlus Nord CE 2,OnePlus,Nord CE 2,"
Display quality is good but brightness could be higher outdoors."
Smartphone,OnePlus Nord CE 2,OnePlus,Nord CE 2,"
Software experience is one of the best features."
Smartphone,OnePlus Nord CE 2,OnePlus,Nord CE 2,"
Battery life is good and lasts a full day."
Smartphone,OnePlus Nord CE 2,OnePlus,Nord CE 2,"
The device is lightweight and easy to carry."
Smartphone,OnePlus Nord CE 2,OnePlus,Nord CE 2,"
 Fingerprint sensor works quickly and accurately."
Smartphone,OnePlus Nord CE 2,OnePlus,Nord CE 2,"
Audio quality is average without stereo speakers."
Smartphone,OnePlus Nord CE 2,OnePlus,Nord CE 2,"
The phone performs consistently without lag."
Smartphone,OnePlus Nord CE 2,OnePlus,Nord CE 2,"
Camera struggles slightly in low light."
Smartphone,OnePlus Nord CE 2,OnePlus,Nord CE 2,"
 UI is free from unnecessary apps."
Smartphone,OnePlus Nord CE 2,OnePlus,Nord CE 2,"
Performance is stable even with multiple apps open."
Smartphone,OnePlus Nord CE 2,OnePlus,Nord CE 2,"
Build quality feels premium."
Smartphone,OnePlus Nord CE 2,OnePlus,Nord CE 2,"
Charging adapter is very fast and reliable.
"
Smartphone,OnePlus Nord CE 2,OnePlus,Nord CE 2,"
Display colors are vivid and pleasant."
Smartphone,OnePlus Nord CE 2,OnePlus,Nord CE 2,"
it’s a balanced phone with strong performance."
Smartphone,Xiaomi Redmi Note 10 Pro,Xiaomi,Redmi Note 10 Pro,The Redmi Note 10 Pro offers excellent value with a great display and camera.
Smartphone,Xiaomi Redmi Note 10 Pro,Xiaomi,Redmi Note 10 Pro,"
 The 120Hz display makes scrolling very smooth."
Smartphone,Xiaomi Redmi Note 10 Pro,Xiaomi,Redmi Note 10 Pro,"
 Camera quality is impressive for this price range."
Smartphone,Xiaomi Redmi Note 10 Pro,Xiaomi,Redmi Note 10 Pro,"
 Performance is good for daily tasks and moderate gaming."
Smartphone,Xiaomi Redmi Note 10 Pro,Xiaomi,Redmi Note 10 Pro,"
The phone heats slightly during long gaming sessions."
Smartphone,Xiaomi Redmi Note 10 Pro,Xiaomi,Redmi Note 10 Pro,"
Storage is sufficient for most users."
Smartphone,Xiaomi Redmi Note 10 Pro,Xiaomi,Redmi Note 10 Pro,"
 Camera performs well in daylight conditions."
Smartphone,Xiaomi Redmi Note 10 Pro,Xiaomi,Redmi Note 10 Pro,"
Low-light performance is average."
Smartphone,Xiaomi Redmi Note 10 Pro,Xiaomi,Redmi Note 10 Pro,"
Gaming experience is smooth with medium settings."
Smartphone,Xiaomi Redmi Note 10 Pro,Xiaomi,Redmi Note 10 Pro,"
 Build quality is solid."
Smartphone,Xiaomi Redmi Note 10 Pro,Xiaomi,Redmi Note 10 Pro,"
 The UI sometimes shows ads which can be annoying."
Smartphone,Xiaomi Redmi Note 10 Pro,Xiaomi,Redmi Note 10 Pro,"
 Display brightness is excellent."
Smartphone,Xiaomi Redmi Note 10 Pro,Xiaomi,Redmi Note 10 Pro,"
 Multitasking is handled well.
"
Smartphone,Xiaomi Redmi Note 10 Pro,Xiaomi,Redmi Note 10 Pro,"
 it’s one of the best budget smartphones."
Smartphone,Apple iPhone 12,Apple,iPhone 12,The iPhone 12 delivers excellent performance with smooth iOS experience.
Smartphone,Apple iPhone 12,Apple,iPhone 12,"
 The design is sleek and premium."
Smartphone,Apple iPhone 12,Apple,iPhone 12,"
 Battery life is decent but not exceptional."
Smartphone,Apple iPhone 12,Apple,iPhone 12,"
 Face ID works quickly and securely."
Smartphone,Apple iPhone 12,Apple,iPhone 12,"
. The display is sharp and color accurate."
Smartphone,Apple iPhone 12,Apple,iPhone 12,"
Gaming performance is top-level without lag."
Smartphone,Apple iPhone 12,Apple,iPhone 12,"
The phone feels very responsive in all tasks."
Smartphone,Apple iPhone 12,Apple,iPhone 12,"
 Charging speed is average compared to Android."
Smartphone,Apple iPhone 12,Apple,iPhone 12,"
 Software updates are regular and long-term."
Smartphone,Apple iPhone 12,Apple,iPhone 12,"
 Camera performs well even in low light."
Smartphone,Apple iPhone 12,Apple,iPhone 12,"
 Video stabilization is excellent."
Smartphone,Apple iPhone 12,Apple,iPhone 12,"
Build quality is very strong."
Smartphone,Apple iPhone 12,Apple,iPhone 12,"
 The device is slightly expensive."
Smartphone,Apple iPhone 12,Apple,iPhone 12,"
 Storage options are limited without expansion."
Smartphone,Apple iPhone 12,Apple,iPhone 12,"
 Audio quality is clear and loud."
Smartphone,Apple iPhone 12,Apple,iPhone 12,"
 The phone rarely heats up."
Smartphone,Apple iPhone 12,Apple,iPhone 12,"
App ecosystem is very optimized."
Smartphone,Apple iPhone 12,Apple,iPhone 12,"
Performance remains consistent over time."
Smartphone,Apple iPhone 12,Apple,iPhone 12,"
 Overall, it’s a premium flagship experience."
Smartphone,Apple iPhone 12,Apple,iPhone 12,"
 it’s one of the best budget smartphones."
Tablet,Apple iPad 9th Gen,Apple,iPad 9th Gen," The iPad 9th Gen is very smooth for everyday tasks like browsing, watching videos, and attending online classes. The display is bright and clear, but the design feels a bit old compared to newer models.
"
Tablet,Apple iPad 9th Gen,Apple,iPad 9th Gen,"Performance is quite good for the price, especially for students. Apps open quickly and multitasking is decent. However, storage in the base variant is limited.
"
Tablet,Apple iPad 9th Gen,Apple,iPad 9th Gen," Battery life is excellent and easily lasts a full day. The device doesn’t heat much during normal usage. Charging speed could be faster.
"
Tablet,Apple iPad 9th Gen,Apple,iPad 9th Gen,"The Retina display is sharp and comfortable for reading and streaming. The speakers are loud enough for indoor use. Bezels look slightly outdated.
"
Tablet,Apple iPad 9th Gen,Apple,iPad 9th Gen," It is a reliable tablet for note-taking and media consumption. Apple Pencil support is a big advantage. Slight lag can be noticed in heavy apps.
"
Tablet,Apple iPad 9th Gen,Apple,iPad 9th Gen," Build quality is premium and sturdy. The performance is consistent over time. Camera quality is average but usable for video calls.
 "
Tablet,Apple iPad 9th Gen,Apple,iPad 9th Gen,"Good for students and professionals who need a simple device. It handles daily tasks smoothly. Not ideal for heavy gaming.
"
Tablet,Apple iPad 9th Gen,Apple,iPad 9th Gen," The UI is very smooth and optimized. Apps rarely crash. Battery backup is one of the best features.
 "
Tablet,Apple iPad 9th Gen,Apple,iPad 9th Gen,"Display brightness is good even outdoors. The touch response is fast. Slightly heavy compared to some Android tablets.
"
Tablet,Apple iPad 9th Gen,Apple,iPad 9th Gen," Great tablet for entertainment and online learning. Sound quality is decent. Storage and design could be improved.
 "
Tablet,Apple iPad 9th Gen,Apple,iPad 9th Gen,"The device works well for long hours without slowing down. Battery performance is impressive. Charging time is a bit slow.
"
Tablet,Apple iPad 9th Gen,Apple,iPad 9th Gen," It is easy to use and very user-friendly. Good ecosystem support. Price feels slightly high for the features.
 "
Tablet,Apple iPad 9th Gen,Apple,iPad 9th Gen,"Performance is stable and reliable. No major issues in daily usage. Camera and speakers are average.
"
Tablet,Apple iPad 9th Gen,Apple,iPad 9th Gen,"Apple ecosystem makes file sharing and connectivity easy. Smooth performance overall. Storage is a limitation.
 "
Tablet,Apple iPad 9th Gen,Apple,iPad 9th Gen,"The device rarely lags during normal use. Apps run efficiently. Not suitable for high-end editing work.
 "
Tablet,Apple iPad 9th Gen,Apple,iPad 9th Gen,"Good balance of performance and battery life. Screen quality is nice. Slight heating during long video sessions.
"
Tablet,Apple iPad 9th Gen,Apple,iPad 9th Gen," Ideal for students and casual users. Easy to carry and use. Accessories are expensive.
"
Tablet,Apple iPad 9th Gen,Apple,iPad 9th Gen," The tablet performs well even after long usage. UI is clean and smooth. Lacks modern design features.
.
"
Tablet,Apple iPad 9th Gen,Apple,iPad 9th Gen," Overall, a dependable tablet with strong battery and smooth performance. Best for daily use, but not for heavy tasks"
Tablet,Samsung Galaxy Tab S6 Lite,Samsung,Galaxy Tab S6 Lite,"The Galaxy Tab S6 Lite is lightweight and comfortable to hold for long hours. The S Pen works smoothly for note-taking, but performance drops slightly during multitasking.
"
Tablet,Samsung Galaxy Tab S6 Lite,Samsung,Galaxy Tab S6 Lite,"Display quality is good with decent brightness and colors. It is suitable for watching videos and reading. Not ideal for high-end gaming.
"
Tablet,Samsung Galaxy Tab S6 Lite,Samsung,Galaxy Tab S6 Lite,"Battery life is reliable and lasts almost a full day with moderate use. Charging speed is average and could be better.
"
Tablet,Samsung Galaxy Tab S6 Lite,Samsung,Galaxy Tab S6 Lite,"The S Pen is very responsive and doesn’t require charging, which is a big advantage. Performance is decent but not very fast.
"
Tablet,Samsung Galaxy Tab S6 Lite,Samsung,Galaxy Tab S6 Lite,"Good tablet for students and casual users. It handles basic tasks well. Slight lag can be noticed when switching apps.
"
Tablet,Samsung Galaxy Tab S6 Lite,Samsung,Galaxy Tab S6 Lite,"The design is sleek and modern. Build quality feels solid. However, the tablet struggles with heavy applications.
"
Tablet,Samsung Galaxy Tab S6 Lite,Samsung,Galaxy Tab S6 Lite,"UI is smooth for normal usage. Samsung features are useful. Some minor stuttering happens occasionally.
"
Tablet,Samsung Galaxy Tab S6 Lite,Samsung,Galaxy Tab S6 Lite,"Great for note-taking and online classes. The pen experience is smooth. Camera quality is basic.
"
Tablet,Samsung Galaxy Tab S6 Lite,Samsung,Galaxy Tab S6 Lite,"Battery backup is strong and consistent. The tablet does not heat much. Performance is average.
"
Tablet,Samsung Galaxy Tab S6 Lite,Samsung,Galaxy Tab S6 Lite,"Good option in the mid-range segment. Display and sound are highlights. Not suitable for gaming.
"
Tablet,Samsung Galaxy Tab S6 Lite,Samsung,Galaxy Tab S6 Lite,"Performance is stable for daily tasks like browsing and streaming. Slight lag in multitasking.
"
Tablet,Samsung Galaxy Tab S6 Lite,Samsung,Galaxy Tab S6 Lite,"Lightweight design makes it portable. Display is decent but not the best in class.
"
Tablet,Samsung Galaxy Tab S6 Lite,Samsung,Galaxy Tab S6 Lite,"The tablet works well for long usage sessions. UI is clean. Charging takes time.
"
Tablet,Samsung Galaxy Tab S6 Lite,Samsung,Galaxy Tab S6 Lite,"It is good for students and professionals who need basic features. Not powerful enough for heavy work.
"
Tablet,Samsung Galaxy Tab S6 Lite,Samsung,Galaxy Tab S6 Lite,"Sound quality is surprisingly good. Display is acceptable. Performance is not very fast.
"
Tablet,Samsung Galaxy Tab S6 Lite,Samsung,Galaxy Tab S6 Lite,"Overall, a balanced tablet with useful features, especially for note-taking and media consumption.
"
Tablet,Lenovo Tab P11,Lenovo,Tab P11,"The Lenovo Tab P11 has a large display which is great for watching movies and browsing. Performance is decent but not very fast.
"
Tablet,Lenovo Tab P11,Lenovo,Tab P11,"Display quality is good with sharp visuals. Audio output is loud and clear. Slight lag in heavy apps.
"
Tablet,Lenovo Tab P11,Lenovo,Tab P11,"Battery life is strong and can last a full day easily. Charging speed is average.
"
Tablet,Lenovo Tab P11,Lenovo,Tab P11,"Build quality is solid and premium for the price. UI feels slightly slow at times.
"
Tablet,Lenovo Tab P11,Lenovo,Tab P11,"The large screen is perfect for reading and streaming. Performance is okay for daily tasks.

"
Tablet,Lenovo Tab P11,Lenovo,Tab P11,"Audio quality is one of the strong points. Display is bright enough for indoor use.
"
Tablet,Lenovo Tab P11,Lenovo,Tab P11,"It is a good budget tablet with balanced features. Not very powerful.
"
Tablet,Lenovo Tab P11,Lenovo,Tab P11,"The device handles basic tasks well. Slight delay when opening multiple apps.
"
Tablet,Lenovo Tab P11,Lenovo,Tab P11,"Battery backup is impressive. Suitable for long usage sessions.
"
Tablet,Lenovo Tab P11,Lenovo,Tab P11,"UI is simple and easy to use. Some performance drops can be noticed.
"
Tablet,Lenovo Tab P11,Lenovo,Tab P11,"Good for students and casual users. Not ideal for professionals.
"
Tablet,Lenovo Tab P11,Lenovo,Tab P11,"The tablet offers value for money. Performance could be better.
"
Tablet,Lenovo Tab P11,Lenovo,Tab P11,"Display is wide and comfortable for media consumption. Processing speed is average.
"
Tablet,Lenovo Tab P11,Lenovo,Tab P11,"Build quality is nice. Slight heating during long usage.
"
Tablet,Lenovo Tab P11,Lenovo,Tab P11,"Decent tablet for the price. Performance is acceptable.
"
Tablet,Lenovo Tab P11,Lenovo,Tab P11,"Audio and display are the highlights. Speed is moderate.
"
Tablet,Lenovo Tab P11,Lenovo,Tab P11,"Not the best choice for heavy users. Good for basic tasks.
"
Tablet,Lenovo Tab P11,Lenovo,Tab P11,"Overall, a good tablet for entertainment and light work."
Tablet,Redmi Pad 5,Redmi,Pad 5,"Redmi Pad offers smooth performance for its price range. The display is good for watching content.
"
Tablet,Redmi Pad 5,Redmi,Pad 5,"Battery life is impressive and lasts long hours. Charging speed is decent.
"
Tablet,Redmi Pad 5,Redmi,Pad 5,"The tablet is lightweight and easy to carry. UI is smooth and simple.
"
Tablet,Redmi Pad 5,Redmi,Pad 5,"Good for students and casual users. Performance is stable.
"
Tablet,Redmi Pad 5,Redmi,Pad 5,"Slight heating during long usage. Otherwise, performance is fine.
"
Tablet,Redmi Pad 5,Redmi,Pad 5,"The tablet handles daily tasks efficiently. No major lag issues.
"
Tablet,Redmi Pad 5,Redmi,Pad 5,"Camera quality is average. Not a strong point.
"
Tablet,Redmi Pad 5,Redmi,Pad 5,"Good value for money device. Balanced features.
"
Tablet,Redmi Pad 5,Redmi,Pad 5,"UI is clean and responsive. Battery backup is strong.
"
Tablet,Redmi Pad 5,Redmi,Pad 5,"Suitable for entertainment and browsing. Not for heavy multitasking.
"
Tablet,Redmi Pad 5,Redmi,Pad 5,"Build quality is simple but sturdy. Performance is decent.
"
Tablet,Redmi Pad 5,Redmi,Pad 5,"The display is comfortable for long viewing sessions.
"
Tablet,Redmi Pad 5,Redmi,Pad 5,"Performance is consistent for normal use. Slight lag in heavy apps.
"
Tablet,Redmi Pad 5,Redmi,Pad 5,"The tablet is easy to use and beginner-friendly.
"
Tablet,Redmi Pad 5,Redmi,Pad 5,"Not suitable for advanced users. Good for basic usage.
"
Tablet,Redmi Pad 5,Redmi,Pad 5,"Overall, a budget-friendly tablet with reliable performance."
Tablet,OnePlus Pad 5,OnePlus,Pad 5,"The 144Hz refresh rate makes scrolling extremely smooth. It is great for gaming and media consumption. Battery life is also impressive.
"
Tablet,OnePlus Pad 5,OnePlus,Pad 5,"Build quality feels premium and solid. The design looks modern and sleek. Slight heating during heavy gaming.
"
Tablet,OnePlus Pad 5,OnePlus,Pad 5,"Performance is one of the best in this segment. It handles heavy apps easily. Charging speed is fast and efficient.
"
Tablet,OnePlus Pad 5,OnePlus,Pad 5,"OxygenOS provides a clean and smooth experience. No major lag issues. Slight software bugs occasionally.
"
Tablet,OnePlus Pad 5,OnePlus,Pad 5,"Gaming performance is excellent with minimal frame drops. Heating is controlled.
Camera quality is average but acceptable for video calls.
"
Tablet,OnePlus Pad 5,OnePlus,Pad 5,"The tablet feels lightweight despite its size. Easy to carry.
"
Tablet,OnePlus Pad 5,OnePlus,Pad 5,"UI is fluid and responsive. No major performance issues.

"
Tablet,OnePlus Pad 5,OnePlus,Pad 5,"Display quality is one of the strongest features.
"
Tablet,OnePlus Pad 5,OnePlus,Pad 5,"Sound output is loud and immersive.
"
Tablet,Realme Pad X,Realme,Pad X,"Display quality is good with decent brightness. Suitable for watching videos.
"
Tablet,Realme Pad X,Realme,Pad X,"Battery life is strong and lasts long hours. Charging speed is moderate.
"
Tablet,Realme Pad X,Realme,Pad X,"The tablet is lightweight and easy to use. Good for students.
"
Tablet,Realme Pad X,Realme,Pad X,"Performance is stable for basic tasks. Slight lag in heavy apps.
"
Tablet,Realme Pad X,Realme,Pad X,"UI is simple and clean. Easy to navigate.
"
Tablet,Realme Pad X,Realme,Pad X,"Sound quality is decent for indoor use.
"
Tablet,Realme Pad X,Realme,Pad X,"Build quality is good for the price.
"
Tablet,Realme Pad X,Realme,Pad X,"Camera is average and usable for video calls.
"
Tablet,Realme Pad X,Realme,Pad X,"Good for online classes and browsing.
"
Tablet,Realme Pad X,Realme,Pad X,"Slight heating during long usage.
Storage options are limited.
"
Tablet,Xiaomi Pad 5,Xiaomi,Pad 5,"Xiaomi Pad 5 delivers excellent performance with a powerful processor. Smooth and fast UI experience.
"
Tablet,Xiaomi Pad 5,Xiaomi,Pad 5,"The display is sharp and vibrant with high refresh rate. Great for media consumption.
"
Tablet,Xiaomi Pad 5,Xiaomi,Pad 5,"Battery life is strong and reliable. Charging is relatively fast.
"
Tablet,Xiaomi Pad 5,Xiaomi,Pad 5,"Build quality feels premium. The design is modern and attractive.
"
Tablet,Xiaomi Pad 5,Xiaomi,Pad 5,"Performance is suitable for gaming and multitasking.
"
Tablet,Xiaomi Pad 5,Xiaomi,Pad 5,"Speakers are loud and clear, enhancing entertainment experience.
"
Tablet,Xiaomi Pad 5,Xiaomi,Pad 5,"MIUI for Pad is smooth but needs some optimization.
"
Tablet,Xiaomi Pad 5,Xiaomi,Pad 5,"Great for students and professionals.
"
Tablet,Xiaomi Pad 5,Xiaomi,Pad 5,"The tablet handles heavy apps smoothly.
"
Tablet,Xiaomi Pad 5,Xiaomi,Pad 5,"Battery lasts long even with continuous usage.
"
Tablet,Xiaomi Pad 5,Xiaomi,Pad 5,"UI is responsive and fluid.
Accessories support adds value.

"
Tablet,Xiaomi Pad 5,Xiaomi,Pad 5,"Slight software bugs occasionally.
"
Tablet,Motorola Tab G70,Motorola,Tab G70,"Motorola Tab G70 offers a clean UI experience with minimal bloatware. Performance is decent.
"
Tablet,Motorola Tab G70,Motorola,Tab G70,"Display quality is good for watching videos. Colors are natural.
"
Tablet,Motorola Tab G70,Motorola,Tab G70,"Battery life is impressive and lasts long.
"
Tablet,Motorola Tab G70,Motorola,Tab G70,"The tablet is suitable for basic usage like browsing and streaming.
"
Tablet,Motorola Tab G70,Motorola,Tab G70,"Performance is average and not suitable for gaming.
"
Tablet,Motorola Tab G70,Motorola,Tab G70,"Build quality is solid and durable.
"
Tablet,Motorola Tab G70,Motorola,Tab G70,"Audio quality is decent.
"
Tablet,Motorola Tab G70,Motorola,Tab G70,"Slight lag during multitasking.
"
Tablet,Motorola Tab G70,Motorola,Tab G70,"Camera quality is basic.
"
Tablet,Motorola Tab G70,Motorola,Tab G70,"Good for students and casual users.
"
Tablet,Motorola Tab G70,Motorola,Tab G70,"Charging speed is average.
"
